{
  "bbq": {
    "status": "ok",
    "n_obs": 169,
    "peaks": [
      "2013-01",
      "2021-01",
      "2022-03",
      "2025-04"
    ],
    "troughs": [
      "2019-01",
      "2024-01"
    ],
    "alternating": [
      [
        "2013-01",
        "peak"
      ],
      [
        "2019-01",
        "trough"
      ],
      [
        "2021-01",
        "peak"
      ],
      [
        "2022-03",
        "peak"
      ],
      [
        "2024-01",
        "trough"
      ],
      [
        "2025-04",
        "peak"
      ]
    ]
  },
  "markov_switching": {
    "status": "ok",
    "n_obs": 168,
    "recession_mean": -0.016716018948892106,
    "expansion_mean": -0.003002924639117609,
    "index": [
      "2012-05",
      "2012-06",
      "2012-07",
      "2012-08",
      "2012-09",
      "2012-10",
      "2012-11",
      "2012-12",
      "2013-01",
      "2013-02",
      "2013-03",
      "2013-04",
      "2013-05",
      "2013-06",
      "2013-07",
      "2013-08",
      "2013-09",
      "2013-10",
      "2013-11",
      "2013-12",
      "2014-01",
      "2014-02",
      "2014-03",
      "2014-04",
      "2014-05",
      "2014-06",
      "2014-07",
      "2014-08",
      "2014-09",
      "2014-10",
      "2014-11",
      "2014-12",
      "2015-01",
      "2015-02",
      "2015-03",
      "2015-04",
      "2015-05",
      "2015-06",
      "2015-07",
      "2015-08",
      "2015-09",
      "2015-10",
      "2015-11",
      "2015-12",
      "2016-01",
      "2016-02",
      "2016-03",
      "2016-04",
      "2016-05",
      "2016-06",
      "2016-07",
      "2016-08",
      "2016-09",
      "2016-10",
      "2016-11",
      "2016-12",
      "2017-01",
      "2017-02",
      "2017-03",
      "2017-04",
      "2017-05",
      "2017-06",
      "2017-07",
      "2017-08",
      "2017-09",
      "2017-10",
      "2017-11",
      "2017-12",
      "2018-01",
      "2018-02",
      "2018-03",
      "2018-04",
      "2018-05",
      "2018-06",
      "2018-07",
      "2018-08",
      "2018-09",
      "2018-10",
      "2018-11",
      "2018-12",
      "2019-01",
      "2019-02",
      "2019-03",
      "2019-04",
      "2019-05",
      "2019-06",
      "2019-07",
      "2019-08",
      "2019-09",
      "2019-10",
      "2019-11",
      "2019-12",
      "2020-01",
      "2020-02",
      "2020-03",
      "2020-04",
      "2020-05",
      "2020-06",
      "2020-07",
      "2020-08",
      "2020-09",
      "2020-10",
      "2020-11",
      "2020-12",
      "2021-01",
      "2021-02",
      "2021-03",
      "2021-04",
      "2021-05",
      "2021-06",
      "2021-07",
      "2021-08",
      "2021-09",
      "2021-10",
      "2021-11",
      "2021-12",
      "2022-01",
      "2022-02",
      "2022-03",
      "2022-04",
      "2022-05",
      "2022-06",
      "2022-07",
      "2022-08",
      "2022-09",
      "2022-10",
      "2022-11",
      "2022-12",
      "2023-01",
      "2023-02",
      "2023-03",
      "2023-04",
      "2023-05",
      "2023-06",
      "2023-07",
      "2023-08",
      "2023-09",
      "2023-10",
      "2023-11",
      "2023-12",
      "2024-01",
      "2024-02",
      "2024-03",
      "2024-04",
      "2024-05",
      "2024-06",
      "2024-07",
      "2024-08",
      "2024-09",
      "2024-10",
      "2024-11",
      "2024-12",
      "2025-01",
      "2025-02",
      "2025-03",
      "2025-04",
      "2025-05",
      "2025-06",
      "2025-07",
      "2025-08",
      "2025-09",
      "2025-10",
      "2025-11",
      "2025-12",
      "2026-01",
      "2026-02",
      "2026-03",
      "2026-04"
    ],
    "p_recession": [
      0.007,
      0.003,
      0.003,
      0.003,
      0.003,
      0.003,
      0.004,
      0.034,
      1.0,
      1.0,
      0.029,
      0.006,
      0.003,
      0.003,
      0.003,
      0.003,
      0.003,
      0.003,
      0.009,
      0.028,
      1.0,
      1.0,
      0.14,
      0.007,
      0.005,
      0.033,
      0.004,
      0.009,
      0.01,
      0.013,
      0.004,
      0.004,
      0.007,
      0.033,
      0.004,
      0.003,
      0.039,
      0.004,
      0.005,
      0.003,
      0.003,
      0.003,
      0.003,
      0.031,
      1.0,
      1.0,
      0.057,
      0.004,
      0.003,
      0.002,
      0.003,
      0.003,
      0.003,
      0.003,
      0.003,
      0.03,
      1.0,
      1.0,
      0.033,
      0.009,
      0.003,
      0.003,
      0.003,
      0.003,
      0.005,
      0.003,
      0.004,
      0.027,
      1.0,
      1.0,
      0.041,
      0.003,
      0.003,
      0.004,
      0.003,
      0.005,
      0.003,
      0.005,
      0.003,
      0.027,
      1.0,
      1.0,
      0.027,
      0.003,
      0.003,
      0.003,
      0.003,
      0.003,
      0.003,
      0.003,
      0.007,
      0.119,
      1.0,
      1.0,
      0.052,
      0.005,
      0.004,
      0.005,
      0.012,
      0.003,
      0.004,
      0.003,
      0.003,
      0.038,
      1.0,
      1.0,
      0.052,
      0.011,
      0.003,
      0.003,
      0.004,
      0.003,
      0.003,
      0.003,
      0.003,
      0.028,
      1.0,
      1.0,
      0.027,
      0.003,
      0.003,
      0.003,
      0.003,
      0.003,
      0.003,
      0.003,
      0.006,
      0.145,
      1.0,
      1.0,
      0.058,
      0.005,
      0.003,
      0.004,
      0.023,
      0.01,
      0.076,
      0.169,
      0.046,
      0.315,
      1.0,
      1.0,
      1.0,
      1.0,
      0.03,
      0.009,
      0.005,
      0.071,
      0.653,
      0.091,
      0.037,
      0.078,
      1.0,
      1.0,
      0.051,
      0.117,
      0.034,
      0.006,
      0.006,
      0.003,
      0.004,
      0.003,
      0.003,
      0.003,
      0.003,
      0.003,
      0.004,
      0.006
    ],
    "log_likelihood": 148.19852559445343,
    "model": "MarkovRegression on first-differenced factor"
  }
}